{"stat.useItem.minecraft.redstone_block":104,"stat.crouchOneCm":23068,"stat.useItem.minecraft.nether_brick_stairs":5,"stat.useItem.minecraft.quartz_block":196,"stat.useItem.minecraft.command_block":777,"stat.useItem.minecraft.iron_bars":4,"stat.useItem.minecraft.stained_glass":8,"achievement.openInventory":555,"stat.useItem.minecraft.sticky_piston":7,"stat.useItem.minecraft.stone_button":130,"achievement.exploreAllBiomes":{"value":0,"progress":["Desert"]},"stat.useItem.minecraft.planks":19,"stat.useItem.minecraft.stained_hardened_clay":1541,"stat.fallOneCm":617,"stat.flyOneCm":2261299,"stat.useItem.minecraft.skull":15,"stat.useItem.minecraft.stone":1,"stat.useItem.minecraft.command_block_minecart":1,"stat.damageTaken":10,"stat.useItem.minecraft.flower_pot":38,"stat.useItem.minecraft.dispenser":1,"stat.useItem.minecraft.redstone_lamp":12,"stat.useItem.minecraft.redstone":546,"stat.useItem.minecraft.oak_stairs":48,"stat.useItem.minecraft.brick_stairs":36,"stat.drop":28,"stat.useItem.minecraft.dropper":40,"stat.useItem.minecraft.hopper":38,"stat.useItem.minecraft.repeater":258,"stat.leaveGame":73,"stat.useItem.minecraft.comparator":148,"stat.useItem.minecraft.glowstone":6,"stat.useItem.minecraft.lever":25,"stat.useItem.minecraft.glass":2,"stat.useItem.minecraft.activator_rail":1,"stat.useItem.minecraft.stone_slab":7,"stat.timeSinceDeath":1078318,"stat.useItem.minecraft.iron_trapdoor":6,"stat.playOneMinute":1078318,"stat.useItem.minecraft.redstone_torch":162,"stat.useItem.minecraft.painting":22,"stat.useItem.minecraft.wool":149,"stat.useItem.minecraft.nether_brick":1,"stat.useItem.minecraft.coal_block":294,"stat.useItem.minecraft.wooden_slab":18,"stat.useItem.minecraft.dark_oak_door":1,"stat.walkOneCm":1180048,"stat.useItem.minecraft.sign":6,"stat.useItem.minecraft.iron_door":2,"stat.useItem.minecraft.carpet":51,"stat.jump":3044,"stat.useItem.minecraft.armor_stand":6,"stat.useItem.minecraft.wooden_button":11,"stat.useItem.minecraft.piston":2,"stat.useItem.minecraft.spawn_egg":3,"stat.useItem.minecraft.trapdoor":2,"stat.sprintOneCm":71365}