{"stat.chestOpened":25,"stat.useItem.minecraft.sticky_piston":4,"stat.useItem.minecraft.stone":250,"stat.leaveGame":11,"stat.killEntity.Ozelot":3,"stat.useItem.minecraft.diamond_sword":53,"stat.swimOneCm":53095,"stat.jump":1364,"stat.useItem.minecraft.sand":158,"stat.climbOneCm":10829,"stat.useItem.minecraft.planks":41,"stat.crouchOneCm":2053,"stat.useItem.minecraft.nether_brick_fence":39,"stat.useItem.minecraft.redstone_torch":29,"stat.useItem.minecraft.stone_button":18,"achievement.exploreAllBiomes":{"value":0,"progress":["Beach","ForestHills","Forest","Ocean","River","Plains","Swampland","Hell"]},"stat.useItem.minecraft.dispenser":2,"stat.useItem.minecraft.glass":78,"stat.useItem.minecraft.golden_rail":21,"stat.dispenserInspected":5,"stat.useItem.minecraft.furnace":1,"stat.useItem.minecraft.rail":88,"stat.useItem.minecraft.anvil":1,"stat.flyOneCm":4857443,"stat.damageDealt":4605,"stat.killEntity.Rabbit":1,"stat.useItem.minecraft.wool":41,"stat.timeSinceDeath":150322,"stat.killEntity.Cow":1,"stat.useItem.minecraft.sign":22,"stat.useItem.minecraft.crafting_table":1,"stat.killEntity.Pig":22,"stat.useItem.minecraft.iron_door":3,"stat.useItem.minecraft.command_block":10,"stat.killEntity.Bat":1,"stat.walkOneCm":1434589,"stat.useItem.minecraft.torch":44,"stat.useItem.minecraft.chest":6,"stat.useItem.minecraft.cobblestone":34,"stat.minecartOneCm":2596159,"stat.useItem.minecraft.minecart":2,"stat.useItem.minecraft.redstone":33,"stat.useItem.minecraft.written_book":3,"stat.sprintOneCm":15,"stat.useItem.minecraft.fence":6,"stat.useItem.minecraft.dark_oak_door":1,"stat.useItem.minecraft.stone_slab":22,"stat.useItem.minecraft.bed":2,"achievement.openInventory":422,"stat.killEntity.Chicken":7,"stat.useItem.minecraft.flint_and_steel":2,"stat.useItem.minecraft.stone_pressure_plate":9,"stat.mobKills":41,"stat.useItem.minecraft.wooden_pressure_plate":4,"stat.useItem.minecraft.stonebrick":510,"stat.drop":5,"stat.useItem.minecraft.writable_book":1,"stat.playOneMinute":1191211,"stat.killEntity.Sheep":6,"stat.diveOneCm":92334,"stat.useItem.minecraft.web":12}